timestamp,equity_krw,cash_krw,num_positions,drawdown_pct,halted
2026-09-28 12:00:00,10000000,10000000,0,0.0,False
2026-09-28 14:00:00,10000000,10000000,0,0.0,False
2026-09-28 22:00:00,10000000,10000000,0,0.0,False
2026-09-29 05:00:00,10000000,10000000,0,0.0,False
2026-09-29 09:00:00,10000000,10000000,0,0.0,False
2026-09-29 15:00:00,10000000,10000000,0,0.0,False
2026-09-29 22:00:00,10000000,10000000,0,0.0,False
2026-09-30 04:00:00,10000000,10000000,0,0.0,False
2026-09-30 08:00:00,10000000,10000000,0,0.0,False
2026-09-30 14:00:00,10000000,10000000,0,0.0,False
2026-09-30 21:00:00,10000000,10000000,0,0.0,False
2026-10-01 03:00:00,10000000,10000000,0,0.0,False
2026-10-01 07:00:00,10000000,10000000,0,0.0,False
2026-10-01 11:00:00,10000000,10000000,0,0.0,False
2026-10-01 17:00:00,10000000,10000000,0,0.0,False
2026-10-02 01:00:00,10000000,10000000,0,0.0,False
2026-10-02 06:00:00,10000000,10000000,0,0.0,False
2026-10-02 10:00:00,10000000,10000000,0,0.0,False
2026-10-02 17:00:00,10000000,10000000,0,0.0,False
2026-10-03 00:00:00,10000000,10000000,0,0.0,False
2026-10-03 05:00:00,10000000,10000000,0,0.0,False
2026-10-03 09:00:00,10000000,10000000,0,0.0,False
2026-10-03 15:00:00,10000000,10000000,0,0.0,False
2026-10-03 21:00:00,10000000,10000000,0,0.0,False
2026-10-04 02:00:00,10000000,10000000,0,0.0,False
2026-10-04 05:00:00,10000000,10000000,0,0.0,False
2026-10-04 08:00:00,10000000,10000000,0,0.0,False
2026-10-04 14:00:00,10000000,10000000,0,0.0,False
2026-10-04 21:00:00,10000000,10000000,0,0.0,False
2026-10-05 02:00:00,10000000,10000000,0,0.0,False
2026-10-05 06:00:00,10000000,10000000,0,0.0,False
2026-10-05 09:00:00,10000000,10000000,0,0.0,False
